"logFC","AveExpr","t","P.Value","adj.P.Val","B","PROBEID","SYMBOL","ENTREZID","GENENAME"
2.31690412491337,6.36577388109463,26.0030859816276,2.10571430476277e-06,0.0214332026026946,4.48554074709488,"209291_at","ID4","3400","inhibitor of DNA binding 4"
2.95900406048102,4.85621983072613,28.9313405701278,1.58662876717928e-06,0.0214332026026946,4.48048561826239,"228640_at","PCDH7","5099","protocadherin 7"
2.69524834363911,6.09759909193399,27.4798319853724,1.84887408283607e-06,0.0214332026026946,4.47196558151033,"218559_s_at","MAFB","9935","MAF bZIP transcription factor B"
3.88988802697943,7.16580848312917,28.6590871619441,1.67129412927451e-06,0.0214332026026946,4.459784284474,"204415_at","IFI6","2537","interferon alpha inducible protein 6"
2.99436414921277,4.44848482846646,28.0886693257406,1.83780652886e-06,0.0214332026026946,4.42776741742101,"229450_at","IFIT3","3437","interferon induced protein with tetratricopeptide repeats 3"
2.08175406012406,5.80668225428948,23.372938406584,3.52247271637092e-06,0.0214332026026946,4.27278322970319,"203595_s_at","IFIT5","24138","interferon induced protein with tetratricopeptide repeats 5"
2.17859585446902,4.27652035950089,23.1177511442969,3.87766833033989e-06,0.0214332026026946,4.21281274458031,"228531_at","SAMD9","54809","sterile alpha motif domain containing 9"
2.55094480335056,6.40656385919825,24.8053946074011,3.30467343569172e-06,0.0214332026026946,4.2087502853601,"205304_s_at","KCNJ8","3764","potassium inwardly rectifying channel subfamily J member 8"
1.91948403474801,5.12403999633589,22.4123538542065,4.31212123693902e-06,0.0214332026026946,4.18091874362602,"242455_at","POU3F2","5454","POU class 3 homeobox 2"
2.20040249032584,4.2308021945623,22.9804865869232,4.11721215669764e-06,0.0214332026026946,4.173512865833,"227452_at","LINC00511","400619","long intergenic non-protein coding RNA 511"
2.20040249032584,4.2308021945623,22.9804865869232,4.11721215669764e-06,0.0214332026026946,4.173512865833,"227452_at","LINC00673","100499467","long intergenic non-protein coding RNA 673"
2.25578456215453,6.18410484788892,23.0528526479391,4.2520559300397e-06,0.0214332026026946,4.14043408911806,"226702_at","CMPK2","129607","cytidine/uridine monophosphate kinase 2"
2.40425573153762,5.06102997655977,22.9199531625582,4.79712285937969e-06,0.0218568910280487,4.04962580325779,"204621_s_at","NR4A2","4929","nuclear receptor subfamily 4 group A member 2"
2.03061127314987,8.529550336859,21.0812201738508,6.28492197425348e-06,0.023414374405359,3.96870969558979,"235944_at","HMCN1","83872","hemicentin 1"
2.48781486777803,4.87434251574191,21.5420544038931,6.42369668185433e-06,0.023414374405359,3.91350532411345,"220979_s_at","ST6GALNAC5","81849","ST6 N-acetylgalactosaminide alpha-2,6-sialyltransferase 5"
1.74057170635294,4.35160886578337,19.6006182987805,8.2196567840562e-06,0.0249672074815707,3.85554691274034,"207012_at","MMP16","4325","matrix metallopeptidase 16"
2.28072793683959,5.72433422016931,20.8964614824745,7.41252620839911e-06,0.0249672074815707,3.84298005178956,"229782_at","RMST","196475","rhabdomyosarcoma 2 associated transcript"
2.89435515832489,5.02337573140552,19.5666774264782,1.0097549365737e-05,0.0281213090688057,3.68208483517195,"202411_at","IFI27","3429","interferon alpha inducible protein 27"
2.37721952607677,4.71174085994101,19.4895279970187,1.02867157087538e-05,0.0281213090688057,3.67204536452022,"202869_at","OAS1","4938","2'-5'-oligoadenylate synthetase 1"
2.30116816011569,4.62998346626769,19.167560923633,1.1123904385236e-05,0.0289094927805764,3.62924875772209,"218986_s_at","DDX60","55601","DExD/H-box helicase 60"
2.93127490371537,5.25872998134453,18.6615017210582,1.26128161410914e-05,0.0289094927805764,3.55893092403593,"203065_s_at","CAV1","857","caveolin 1"
3.0542967217794,5.04894255250329,18.61116291812,1.27737262987164e-05,0.0289094927805764,3.55172423852171,"205534_at","PCDH7","5099","protocadherin 7"
1.95697315398082,7.27967353728734,18.5860043766873,1.28550758730461e-05,0.0289094927805764,3.54810769719017,"203882_at","IRF9","10379","interferon regulatory factor 9"
1.53446942815898,6.42416536238904,17.1342843336834,1.5671268519138e-05,0.0289094927805764,3.47939510386331,"225540_at","MAP2","4133","microtubule associated protein 2"
1.58077120677826,7.55582077730831,17.0237041631516,1.64078941997369e-05,0.0289094927805764,3.44715740025763,"227955_s_at","EFNA5","1946","ephrin A5"
1.87790341399743,6.22177720831287,17.6078350842894,1.656510805955e-05,0.0289094927805764,3.39949911491983,"201739_at","SGK1","6446","serum/glucocorticoid regulated kinase 1"
1.51400725042079,4.36674510250556,16.6146050356076,1.81614599994794e-05,0.0289094927805764,3.38625114780777,"219701_at","TMOD2","29767","tropomodulin 2"
1.55425340780072,8.18408995753779,16.6325775406789,1.85086014634509e-05,0.0289094927805764,3.36875538522195,"202284_s_at","CDKN1A","1026","cyclin dependent kinase inhibitor 1A"
2.17330261447783,3.30998316035542,17.3536735084261,1.77330543132651e-05,0.0289094927805764,3.35818354937538,"227449_at","EPHA4","2043","EPH receptor A4"
2.21694770221693,6.06932590877162,17.3524233482714,1.77390405830362e-05,0.0289094927805764,3.35797741569853,"201141_at","GPNMB","10457","glycoprotein nmb"
2.34731167466398,4.92655604426533,17.0447499602424,1.92895234326521e-05,0.0289094927805764,3.3063567593439,"232116_at","GRHL3","57822","grainyhead like transcription factor 3"
2.36151350979891,6.77333324352279,17.0316874520756,1.93588978658067e-05,0.0289094927805764,3.30412536084781,"230493_at","SHISA2","387914","shisa family member 2"
3.06293279059502,6.06160329526605,16.892407114513,2.01176710288917e-05,0.0289094927805764,3.28012692119895,"212097_at","CAV1","857","caveolin 1"
1.6532697510055,4.78361072194012,16.5482059245597,2.11500633054057e-05,0.0289094927805764,3.25906617600376,"229872_s_at","LOC100996720","100996720","uncharacterized LOC100996720"
1.6532697510055,4.78361072194012,16.5482059245597,2.11500633054057e-05,0.0289094927805764,3.25906617600376,"229872_s_at","LOC100996740","100996740","uncharacterized LOC100996740"
1.56219535633798,6.64762823937716,16.0422914980538,2.34850928509926e-05,0.0313182305275127,3.19994066081755,"227697_at","SOCS3","9021","suppressor of cytokine signaling 3"
2.24801003440506,6.02852540595088,15.9816290896877,2.60720723689777e-05,0.0339402513517584,3.11343754822493,"204622_x_at","NR4A2","4929","nuclear receptor subfamily 4 group A member 2"
1.33187316524523,8.71722590874195,14.9544498314328,3.00333233958611e-05,0.0373198171970161,3.04865386937089,"226271_at","GDAP1","54332","ganglioside induced differentiation associated protein 1"
1.25187930438172,9.25501768187717,14.8276766958541,3.12777406294136e-05,0.037437064513463,3.02007918327307,"229139_at","JPH1","56704","junctophilin 1"
1.66517706426009,8.66091824302027,15.3477708160759,3.14971187493241e-05,0.037437064513463,2.98660617728796,"221760_at","MAN1A1","4121","mannosidase alpha class 1A member 1"
2.34621069070544,5.93522414230854,15.2519637082201,3.24312657505267e-05,0.0374856670986419,2.96660054739377,"216248_s_at","NR4A2","4929","nuclear receptor subfamily 4 group A member 2"
1.53238252880317,6.89338458347231,15.1000834008908,3.33602624006893e-05,0.0374856670986419,2.95033370086562,"222557_at","STMN3","50861","stathmin 3"
1.32171804321907,5.40109484683977,14.5105463270903,3.46726125018663e-05,0.0374856670986419,2.94667845586833,"203767_s_at","STS","412","steroid sulfatase"
2.85707195647201,6.55231164399584,15.1161642151912,3.38133319910126e-05,0.0374856670986419,2.93785233452279,"229947_at","PI15","51050","peptidase inhibitor 15"
2.63116245680676,4.01450659219697,14.9725730636434,3.53527907509254e-05,0.0374856670986419,2.90694580886655,"226757_at","IFIT2","3433","interferon induced protein with tetratricopeptide repeats 2"
1.5844341023385,8.67696414694411,14.9455705231018,3.56516632671125e-05,0.0374856670986419,2.90107448209108,"205483_s_at","ISG15","9636","ISG15 ubiquitin like modifier"
2.6387936439051,6.78382055901416,14.8686055838051,3.65204206843522e-05,0.037674603790886,2.88423525220488,"205303_at","KCNJ8","3764","potassium inwardly rectifying channel subfamily J member 8"
1.68520748294508,3.93111802660986,14.6192294223259,3.95163216851889e-05,0.0400102757062538,2.82859489833967,"226933_s_at","ID4","3400","inhibitor of DNA binding 4"
1.7662463385798,4.03421548998889,14.4019486272926,4.2371331535838e-05,0.0408140213095839,2.77873453949376,"220294_at","KCNV1","27012","potassium voltage-gated channel modifier subfamily V member 1"
2.49145973213771,7.25972222299468,14.2827978129835,4.40425652906346e-05,0.0408140213095839,2.75083045395768,"209988_s_at","ASCL1","429","achaete-scute family bHLH transcription factor 1"
1.24117820263907,6.53778010746652,13.6195506212736,4.68744351967612e-05,0.0416532562182125,2.72476999130739,"218543_s_at","PARP12","64761","poly(ADP-ribose) polymerase family member 12"
1.54283065259875,4.52384049933115,14.0697465214579,4.72336878926233e-05,0.0416532562182125,2.69991583983551,"209160_at","AKR1C3","8644","aldo-keto reductase family 1 member C3"
3.61516925822763,5.45523048326759,13.8305920001173,5.11545039112236e-05,0.0429660433062005,2.64115947425251,"203153_at","IFIT1","3434","interferon induced protein with tetratricopeptide repeats 1"
1.20660287168586,6.86043941534116,13.2918402194554,5.26226518833725e-05,0.0429660433062005,2.63686872889462,"221279_at","GDAP1","54332","ganglioside induced differentiation associated protein 1"
1.51278832897685,4.62950384820075,13.7867179281659,5.1915804748609e-05,0.0429660433062005,2.63019155459357,"207084_at","POU3F2","5454","POU class 3 homeobox 2"
1.21733341116706,4.33845161973994,13.2403637585219,5.36007873789073e-05,0.0430973977932611,2.62273411038128,"237737_at","ANKRD20A12P","100874392","ankyrin repeat domain 20 family member A12, pseudogene"
1.21733341116706,4.33845161973994,13.2403637585219,5.36007873789073e-05,0.0430973977932611,2.62273411038128,"237737_at","LOC101060632","101060632","uncharacterized LOC101060632"
1.21733341116706,4.33845161973994,13.2403637585219,5.36007873789073e-05,0.0430973977932611,2.62273411038128,"237737_at","LOC101927345","101927345","putative ankyrin repeat domain-containing protein 20A12"
1.21733341116706,4.33845161973994,13.2403637585219,5.36007873789073e-05,0.0430973977932611,2.62273411038128,"237737_at","LOC105379272","105379272","uncharacterized LOC105379272"
1.13617596193964,5.38776865801116,13.1175799073884,5.60234423348858e-05,0.0435344109751547,2.58865171220512,"225842_at","PHLDA1","22822","pleckstrin homology like domain family A member 1"
1.33685629717129,4.6583121235054,13.2964606590206,5.95691156195773e-05,0.0447591240881614,2.5299047275824,"215629_s_at","DLEU2","8847","deleted in lymphocytic leukemia 2"
1.33685629717129,4.6583121235054,13.2964606590206,5.95691156195773e-05,0.0447591240881614,2.5299047275824,"215629_s_at","DLEU2L","79469","deleted in lymphocytic leukemia 2 like"
1.22194071192252,5.2935848366105,12.9858561029332,6.05793357571824e-05,0.0447591240881614,2.52539353778691,"221942_s_at","GUCY1A1","2982","guanylate cyclase 1 soluble subunit alpha 1"
1.34166627185574,8.48174810447468,13.2746415961882,6.02925635525162e-05,0.0447591240881614,2.52025449277184,"226279_at","PRSS23","11098","serine protease 23"
1.20000136471888,6.38515241613488,12.8414258649526,6.32496795131029e-05,0.045815201352358,2.49246618527131,"200923_at","LGALS3BP","3959","galectin 3 binding protein"
1.8650252866428,4.72163533617228,13.1934024629986,6.3684596301403e-05,0.045815201352358,2.47586112881444,"238047_at","ARHGAP36","158763","Rho GTPase activating protein 36"
1.09908111010886,4.38090540259747,12.5569508312421,6.89070009858182e-05,0.0488551974324467,2.42618861367198,"228457_at","PPM1L","151742","protein phosphatase, Mg2+/Mn2+ dependent 1L"
1.17628308374557,6.03271059504668,12.5365694545565,7.12599705008343e-05,0.0488551974324467,2.39780553707221,"200974_at","ACTA2","59","actin alpha 2, smooth muscle"
1.14668071184441,5.04684441086474,12.4372148278748,7.24056037239823e-05,0.0488551974324467,2.38637886597339,"226065_at","PRICKLE1","144165","prickle planar cell polarity protein 1"
1.72464937525629,6.36789251220228,12.851480829846,7.19315043906645e-05,0.0488551974324467,2.38157654910117,"242943_at","ST8SIA4","7903","ST8 alpha-N-acetyl-neuraminide alpha-2,8-sialyltransferase 4"
1.27165870062123,4.53761110489228,12.7057122451638,7.30319068019205e-05,0.0488551974324467,2.37248339673745,"1568609_s_at","LINC00869","57234","long intergenic non-protein coding RNA 869"
1.27165870062123,4.53761110489228,12.7057122451638,7.30319068019205e-05,0.0488551974324467,2.37248339673745,"1568609_s_at","LINC01138","388685","long intergenic non-protein coding RNA 1138"
1.27165870062123,4.53761110489228,12.7057122451638,7.30319068019205e-05,0.0488551974324467,2.37248339673745,"1568609_s_at","LINC02591","388692","long intergenic non-protein coding RNA 2591"
1.27165870062123,4.53761110489228,12.7057122451638,7.30319068019205e-05,0.0488551974324467,2.37248339673745,"1568609_s_at","LINC00623","728855","long intergenic non-protein coding RNA 623"
1.27165870062123,4.53761110489228,12.7057122451638,7.30319068019205e-05,0.0488551974324467,2.37248339673745,"1568609_s_at","LINC01145","103091866","long intergenic non-protein coding RNA 1145"
1.42500096205727,3.84640384491816,12.7153578526371,7.55696144631914e-05,0.049780345431024,2.34289148027518,"204655_at","CCL5","6352","C-C motif chemokine ligand 5"
